{
  "total_models": 2,
  "total_cycles": 5,
  "total_promotions": 3,
  "promotion_rate": 0.6,
  "generations": 2,
  "root_elo": 1500.0,
  "current_elo": 1520.0,
  "total_elo_gain": 20.0,
  "current_iq_score": 1200102.0,
  "latest_model": {
    "model_id": "model_1760885030875_1",
    "model_name": "test_model_v1",
    "generation": 1,
    "elo": 1520.0,
    "creation_method": "training_cycle",
    "timestamp": "2025-10-19T14:43:50.875323+00:00"
  },
  "creation_methods": {
    "initial_model": 1,
    "training_cycle": 1
  },
  "avg_recent_elo_delta": 5.0,
  "stagnation_analysis": {
    "is_stagnated": false,
    "cycles_analyzed": 5,
    "total_elo_delta": 25.0,
    "avg_elo_delta": 5.0,
    "promotions": 3,
    "avg_win_rate": 0.53,
    "elo_threshold": 25.0,
    "reason": "Evolution progressing normally"
  }
}