{
  "cycles": [
    {
      "cycle_id": "cycle_1_1760885030",
      "cycle_number": 1,
      "timestamp": "2025-10-19T14:43:50.875746+00:00",
      "selfplay_games": 1000,
      "positions_generated": 50000,
      "training_loss": 0.4,
      "training_epochs": 3,
      "challenger_model_id": "model_0",
      "champion_model_id": "model_0",
      "evaluation_win_rate": 0.51,
      "elo_delta": 3.0,
      "promoted": true,
      "cycle_duration_seconds": 600,
      "games_per_second": 1.6666666666666667,
      "stagnation_detected": false,
      "hpo_triggered": false,
      "nas_triggered": false
    },
    {
      "cycle_id": "cycle_2_1760885030",
      "cycle_number": 2,
      "timestamp": "2025-10-19T14:43:50.877934+00:00",
      "selfplay_games": 1000,
      "positions_generated": 50000,
      "training_loss": 0.39,
      "training_epochs": 3,
      "challenger_model_id": "model_1",
      "champion_model_id": "model_0",
      "evaluation_win_rate": 0.52,
      "elo_delta": 4.0,
      "promoted": false,
      "cycle_duration_seconds": 600,
      "games_per_second": 1.6666666666666667,
      "stagnation_detected": false,
      "hpo_triggered": false,
      "nas_triggered": false
    },
    {
      "cycle_id": "cycle_3_1760885030",
      "cycle_number": 3,
      "timestamp": "2025-10-19T14:43:50.879280+00:00",
      "selfplay_games": 1000,
      "positions_generated": 50000,
      "training_loss": 0.38,
      "training_epochs": 3,
      "challenger_model_id": "model_2",
      "champion_model_id": "model_1",
      "evaluation_win_rate": 0.53,
      "elo_delta": 5.0,
      "promoted": true,
      "cycle_duration_seconds": 600,
      "games_per_second": 1.6666666666666667,
      "stagnation_detected": false,
      "hpo_triggered": false,
      "nas_triggered": false
    },
    {
      "cycle_id": "cycle_4_1760885030",
      "cycle_number": 4,
      "timestamp": "2025-10-19T14:43:50.880323+00:00",
      "selfplay_games": 1000,
      "positions_generated": 50000,
      "training_loss": 0.37,
      "training_epochs": 3,
      "challenger_model_id": "model_3",
      "champion_model_id": "model_2",
      "evaluation_win_rate": 0.54,
      "elo_delta": 6.0,
      "promoted": false,
      "cycle_duration_seconds": 600,
      "games_per_second": 1.6666666666666667,
      "stagnation_detected": false,
      "hpo_triggered": false,
      "nas_triggered": false
    },
    {
      "cycle_id": "cycle_5_1760885030",
      "cycle_number": 5,
      "timestamp": "2025-10-19T14:43:50.881596+00:00",
      "selfplay_games": 1000,
      "positions_generated": 50000,
      "training_loss": 0.36000000000000004,
      "training_epochs": 3,
      "challenger_model_id": "model_4",
      "champion_model_id": "model_3",
      "evaluation_win_rate": 0.55,
      "elo_delta": 7.0,
      "promoted": true,
      "cycle_duration_seconds": 600,
      "games_per_second": 1.6666666666666667,
      "stagnation_detected": false,
      "hpo_triggered": false,
      "nas_triggered": false
    }
  ]
}