[
  {
    "timestamp": "2025-10-19T14:43:50.874850+00:00",
    "model_id": "model_1760885030874_0",
    "model_name": "test_model_v0",
    "generation": 0,
    "iq_score": 100.0,
    "elo": 1500.0,
    "complexity": 1.0,
    "efficiency": 0,
    "creation_method": "initial_model"
  },
  {
    "timestamp": "2025-10-19T14:43:50.875323+00:00",
    "model_id": "model_1760885030875_1",
    "model_name": "test_model_v1",
    "generation": 1,
    "iq_score": 1200102.0,
    "elo": 1520.0,
    "complexity": 1.0,
    "efficiency": 24000.0,
    "creation_method": "training_cycle"
  }
]