{
  "root_model_id": "model_1760885030874_0",
  "models": {
    "model_1760885030874_0": {
      "model_id": "model_1760885030874_0",
      "model_name": "test_model_v0",
      "generation": 0,
      "parent_id": null,
      "elo": 1500.0,
      "training_loss": 0.5,
      "win_rate": 0.5,
      "num_parameters": 5000000,
      "architecture_complexity": 1.0,
      "creation_method": "initial_model",
      "mutations": [],
      "timestamp": "2025-10-19T14:43:50.874850+00:00",
      "positions_trained": 10000,
      "training_time_seconds": 300,
      "games_played": 100,
      "children": [
        "model_1760885030875_1"
      ],
      "depth": 0
    },
    "model_1760885030875_1": {
      "model_id": "model_1760885030875_1",
      "model_name": "test_model_v1",
      "generation": 1,
      "parent_id": "model_1760885030874_0",
      "elo": 1520.0,
      "training_loss": 0.45,
      "win_rate": 0.55,
      "num_parameters": 5000000,
      "architecture_complexity": 1.0,
      "creation_method": "training_cycle",
      "mutations": [
        "cycle_1"
      ],
      "timestamp": "2025-10-19T14:43:50.875323+00:00",
      "positions_trained": 10000,
      "training_time_seconds": 300,
      "games_played": 100,
      "children": [],
      "depth": 1
    }
  }
}