{
  "timestamp": "2025-10-16T03:57:14.668567",
  "backend": "Simulated",
  "backend_info": {
    "backend": "simulated",
    "device_type": "cpu",
    "num_cores": 1,
    "is_simulation": true,
    "cpu_count": 8
  },
  "config": {
    "num_cores": null,
    "batch_size": 1,
    "mixed_precision": true,
    "compile_model": true,
    "memory_fraction": 0.9
  },
  "num_games": 5,
  "total_moves": 1000,
  "total_positions": 1000,
  "total_time": 5.121979475021362,
  "demo_elapsed": 5.1233179569244385,
  "games": [
    {
      "game_id": 1,
      "num_moves": 200,
      "num_positions": 200,
      "result": "max_moves",
      "winner": "draw",
      "time_seconds": 0.8263230323791504,
      "moves": [
        "b1c3",
        "a7a6",
        "b2b4",
        "f7f5",
        "d2d3",
        "g8f6",
        "c1e3",
        "c7c6",
        "b4b5",
        "f6h5"
      ],
      "final_fen": "8/k7/3NBP2/2P5/6PP/3K4/1R6/8 w - - 14 101",
      "training_examples_count": 200
    },
    {
      "game_id": 2,
      "num_moves": 200,
      "num_positions": 200,
      "result": "max_moves",
      "winner": "draw",
      "time_seconds": 1.2836339473724365,
      "moves": [
        "f2f3",
        "b8a6",
        "a2a3",
        "d7d6",
        "d2d4",
        "e8d7",
        "c1g5",
        "h7h5",
        "d4d5",
        "f7f5"
      ],
      "final_fen": "8/5k2/7P/3P4/r7/5p2/1N6/6K1 w - - 8 101",
      "training_examples_count": 200
    },
    {
      "game_id": 3,
      "num_moves": 200,
      "num_positions": 200,
      "result": "max_moves",
      "winner": "draw",
      "time_seconds": 1.3127305507659912,
      "moves": [
        "c2c4",
        "b7b6",
        "a2a3",
        "f7f5",
        "f2f3",
        "g8h6",
        "d2d4",
        "e7e5",
        "h2h4",
        "g7g5"
      ],
      "final_fen": "Bk6/8/6B1/3P2B1/1b5N/6n1/8/K7 w - - 20 101",
      "training_examples_count": 200
    },
    {
      "game_id": 4,
      "num_moves": 200,
      "num_positions": 200,
      "result": "max_moves",
      "winner": "draw",
      "time_seconds": 0.899461030960083,
      "moves": [
        "a2a3",
        "c7c5",
        "c2c3",
        "d8b6",
        "f2f3",
        "g7g6",
        "d2d4",
        "h7h5",
        "g1h3",
        "b6c6"
      ],
      "final_fen": "8/r7/B1k5/P4P2/4p2p/1p6/1P2K1b1/8 w - - 1 101",
      "training_examples_count": 200
    },
    {
      "game_id": 5,
      "num_moves": 200,
      "num_positions": 200,
      "result": "max_moves",
      "winner": "draw",
      "time_seconds": 0.7998309135437012,
      "moves": [
        "a2a3",
        "d7d6",
        "e2e3",
        "d6d5",
        "d2d3",
        "h7h5",
        "b2b3",
        "e7e6",
        "d1h5",
        "b8c6"
      ],
      "final_fen": "7k/7P/8/4R3/3p1pB1/p3n3/2K5/4r3 w - - 13 101",
      "training_examples_count": 200
    }
  ],
  "summary": {
    "avg_moves_per_game": 200.0,
    "avg_positions_per_game": 200.0,
    "avg_time_per_game": 1.0243958950042724,
    "avg_time_per_move": 0.005121979475021362,
    "results_breakdown": {
      "max_moves": 5
    }
  },
  "replay_buffer": {
    "size": 1000,
    "capacity": 1000000,
    "utilization": 0.001,
    "is_full": false,
    "position": 0
  }
}