{
  "timestamp": "2025-10-16T03:56:51.773021",
  "backend": "Simulated",
  "backend_info": {
    "backend": "simulated",
    "device_type": "cpu",
    "num_cores": 1,
    "is_simulation": true,
    "cpu_count": 8
  },
  "config": {
    "num_cores": null,
    "batch_size": 1,
    "mixed_precision": true,
    "compile_model": true,
    "memory_fraction": 0.9
  },
  "num_games": 3,
  "total_moves": 600,
  "total_positions": 600,
  "total_time": 4.526069641113281,
  "demo_elapsed": 4.526834726333618,
  "games": [
    {
      "game_id": 1,
      "num_moves": 200,
      "num_positions": 200,
      "result": "max_moves",
      "winner": "draw",
      "time_seconds": 1.6135377883911133,
      "moves": [
        "h2h3",
        "g8f6",
        "d2d4",
        "b7b5",
        "c1d2",
        "e7e6",
        "d2a5",
        "c8a6",
        "a5b6",
        "c7c5"
      ],
      "final_fen": "8/7k/8/5p2/p4P2/1p6/1P2n3/K7 w - - 18 101",
      "training_examples": [
        {
          "position": 