{
  "timestamp": "2025-10-15T07:05:04.883233",
  "backend": "Simulated",
  "backend_info": {
    "backend": "simulated",
    "device_type": "cpu",
    "num_cores": 1,
    "is_simulation": true,
    "cpu_count": 16
  },
  "config": {
    "num_cores": null,
    "batch_size": 1,
    "mixed_precision": true,
    "compile_model": true,
    "memory_fraction": 0.9
  },
  "num_games": 10,
  "total_moves": 1929,
  "total_time": 25.642555475234985,
  "demo_elapsed": 25.644561290740967,
  "games": [
    {
      "game_id": 1,
      "num_moves": 200,
      "result": "max_moves",
      "winner": "draw",
      "time_seconds": 4.445786714553833,
      "moves": [
        "h2h3",
        "a7a5",
        "a2a4",
        "a8a6",
        "f2f3",
        "a6b6",
        "g2g4",
        "b6d6",
        "d2d3",
        "f7f6"
      ],
      "final_fen": "8/1bN2kP1/P7/2pp4/8/1p2p3/8/2K5 w - - 1 101"
    },
    {
      "game_id": 2,
      "num_moves": 200,
      "result": "max_moves",
      "winner": "draw",
      "time_seconds": 1.8052623271942139,
      "moves": [
        "a2a4",
        "f7f6",
        "f2f3",
        "g7g5",
        "g2g3",
        "a7a6",
        "h2h3",
        "b7b5",
        "b2b3",
        "a6a5"
      ],
      "final_fen": "2r5/6k1/8/2pBP2p/7P/3K2p1/8/1R4b1 w - - 11 101"
    },
    {
      "game_id": 3,
      "num_moves": 200,
      "result": "max_moves",
      "winner": "draw",
      "time_seconds": 3.5985026359558105,
      "moves": [
        "e2e4",
        "b8a6",
        "h2h4",
        "f7f5",
        "f1e2",
        "e7e5",
        "b1a3",
        "a6b8",
        "h1h3",
        "c7c5"
      ],
      "final_fen": "8/5B2/4R3/3p1N2/5k2/7p/1BK1n3/3r4 w - - 8 101"
    },
    {
      "game_id": 4,
      "num_moves": 129,
      "result": "checkmate",
      "winner": "white",
      "time_seconds": 1.7008013725280762,
      "moves": [
        "g2g3",
        "d7d5",
        "g3g4",
        "e7e5",
        "g4g5",
        "c7c5",
        "e2e3",
        "f7f6",
        "f1a6",
        "d8a5"
      ],
      "final_fen": "4N2R/6p1/3Br1Pk/pp1n1P1p/1N2P2P/8/1P1K4/8 b - - 2 65"
    },
    {
      "game_id": 5,
      "num_moves": 200,
      "result": "max_moves",
      "winner": "draw",
      "time_seconds": 2.3933393955230713,
      "moves": [
        "d2d4",
        "g7g6",
        "d4d5",
        "e7e5",
        "h2h3",
        "e8e7",
        "b1c3",
        "e7d6",
        "c1h6",
        "f8e7"
      ],
      "final_fen": "8/8/8/B5P1/8/8/2k4K/8 w - - 28 101"
    },
    {
      "game_id": 6,
      "num_moves": 200,
      "result": "max_moves",
      "winner": "draw",
      "time_seconds": 1.7997386455535889,
      "moves": [
        "d2d3",
        "e7e6",
        "e1d2",
        "d8g5",
        "f2f4",
        "a7a6",
        "h2h3",
        "g8e7",
        "b1c3",
        "h8g8"
      ],
      "final_fen": "8/8/4p3/bPN2p1P/8/6k1/2KnB3/5R1B w - - 25 101"
    },
    {
      "game_id": 7,
      "num_moves": 200,
      "result": "max_moves",
      "winner": "draw",
      "time_seconds": 2.8157835006713867,
      "moves": [
        "g2g4",
        "g7g5",
        "c2c3",
        "b7b6",
        "f2f3",
        "e7e5",
        "e2e4",
        "a7a5",
        "f1a6",
        "f8c5"
      ],
      "final_fen": "8/8/2PR4/1q3pk1/8/3N4/6K1/R7 w - - 4 101"
    },
    {
      "game_id": 8,
      "num_moves": 200,
      "result": "max_moves",
      "winner": "draw",
      "time_seconds": 2.688981533050537,
      "moves": [
        "a2a4",
        "h7h5",
        "h2h4",
        "f7f6",
        "h1h2",
        "g8h6",
        "g2g3",
        "f6f5",
        "b2b4",
        "g7g5"
      ],
      "final_fen": "1n2r3/1k3n2/2bR4/p7/8/8/8/2K4R w - - 15 101"
    },
    {
      "game_id": 9,
      "num_moves": 200,
      "result": "max_moves",
      "winner": "draw",
      "time_seconds": 2.6105785369873047,
      "moves": [
        "g1h3",
        "a7a6",
        "c2c3",
        "c7c6",
        "d1c2",
        "a6a5",
        "c2h7",
        "e7e5",
        "h7h6",
        "g8f6"
      ],
      "final_fen": "2k5/6n1/6B1/3P1P2/P5P1/4bKP1/4p3/8 w - - 3 101"
    },
    {
      "game_id": 10,
      "num_moves": 200,
      "result": "max_moves",
      "winner": "draw",
      "time_seconds": 1.783780813217163,
      "moves": [
        "g2g4",
        "h7h5",
        "f2f4",
        "e7e5",
        "f1g2",
        "a7a6",
        "h2h3",
        "d8e7",
        "c2c3",
        "g7g6"
      ],
      "final_fen": "8/6r1/1N3k2/p7/8/P2K4/3BN1R1/8 w - - 12 101"
    }
  ],
  "summary": {
    "avg_moves_per_game": 192.9,
    "avg_time_per_game": 2.5642555475234987,
    "avg_time_per_move": 0.01329318583475116,
    "results_breakdown": {
      "max_moves": 9,
      "checkmate": 1
    }
  }
}